,Link,Download,Event,Date,Match,Maps
0,https://www.hltv.org/matches/2346572/furia-vs-natus-vincere-iem-katowice-2021,https://www.hltv.org/demo/62450/,IEM Katowice 2021,2021-02-20,FURIA vs. Natus Vincere,"Mirage, Nuke"
1,https://www.hltv.org/matches/2346563/furia-vs-nip-iem-katowice-2021,https://www.hltv.org/demo/62423/,IEM Katowice 2021,2021-02-19,FURIA vs. NIP,"Overpass, Nuke"
4,https://www.hltv.org/matches/2346225/mousesports-vs-furia-cs-summit-7,https://www.hltv.org/demo/62149/,cs_summit 7,2021-01-29,mousesports vs. FURIA,"Inferno, Nuke"
5,https://www.hltv.org/matches/2346222/furia-vs-cloud9-cs-summit-7,https://www.hltv.org/demo/62137/,cs_summit 7,2021-01-28,FURIA vs. Cloud9,"Train, Inferno, Nuke"
6,https://www.hltv.org/matches/2346216/virtuspro-vs-furia-cs-summit-7,https://www.hltv.org/demo/62091/,cs_summit 7,2021-01-26,Virtus.pro vs. FURIA,"Inferno, Overpass"
7,https://www.hltv.org/matches/2346212/furia-vs-cloud9-cs-summit-7,https://www.hltv.org/demo/62079/,cs_summit 7,2021-01-25,FURIA vs. Cloud9,"Train, Inferno, Nuke"
8,https://www.hltv.org/matches/2346059/evil-geniuses-vs-furia-blast-premier-global-final-2020,https://www.hltv.org/demo/61970/,BLAST Premier Global Final 2020,2021-01-20,Evil Geniuses vs. FURIA,"Mirage, Inferno, Nuke"
9,https://www.hltv.org/matches/2346056/g2-vs-furia-blast-premier-global-final-2020,https://www.hltv.org/demo/61956/,BLAST Premier Global Final 2020,2021-01-19,G2 vs. FURIA,"Mirage, Inferno, Nuke"
10,https://www.hltv.org/matches/2345724/furia-vs-liquid-iem-global-challenge-2020,https://www.hltv.org/demo/61790/,IEM Global Challenge 2020,2020-12-18,FURIA vs. Liquid,"Inferno, Overpass"
11,https://www.hltv.org/matches/2345721/furia-vs-heroic-iem-global-challenge-2020,https://www.hltv.org/demo/61768/,IEM Global Challenge 2020,2020-12-17,FURIA vs. Heroic,"Mirage, Vertigo, Nuke"
12,https://www.hltv.org/matches/2345717/natus-vincere-vs-furia-iem-global-challenge-2020,https://www.hltv.org/demo/61745/,IEM Global Challenge 2020,2020-12-15,Natus Vincere vs. FURIA,"Inferno, Nuke"
13,https://www.hltv.org/matches/2345740/furia-vs-natus-vincere-blast-premier-fall-2020-finals,https://www.hltv.org/demo/61702/,BLAST Premier Fall 2020 Finals,2020-12-11,FURIA vs. Natus Vincere,"Inferno, Nuke"
14,https://www.hltv.org/matches/2345736/furia-vs-og-blast-premier-fall-2020-finals,https://www.hltv.org/demo/61673/,BLAST Premier Fall 2020 Finals,2020-12-10,FURIA vs. OG,"Mirage, Inferno, Nuke"
15,https://www.hltv.org/matches/2345733/g2-vs-furia-blast-premier-fall-2020-finals,https://www.hltv.org/demo/61653/,BLAST Premier Fall 2020 Finals,2020-12-09,G2 vs. FURIA,"Mirage, Inferno, Nuke"
16,https://www.hltv.org/matches/2345628/furia-vs-astralis-dreamhack-masters-winter-2020-europe,https://www.hltv.org/demo/61566/,DreamHack Masters Winter 2020 Europe,2020-12-05,FURIA vs. Astralis,"Overpass, Nuke"
17,https://www.hltv.org/matches/2345626/furia-vs-complexity-dreamhack-masters-winter-2020-europe,https://www.hltv.org/demo/61548/,DreamHack Masters Winter 2020 Europe,2020-12-04,FURIA vs. Complexity,"Mirage, Nuke"
18,https://www.hltv.org/matches/2345618/furia-vs-g2-dreamhack-masters-winter-2020-europe,https://www.hltv.org/demo/61517/,DreamHack Masters Winter 2020 Europe,2020-12-02,FURIA vs. G2,"Mirage, Inferno, Nuke"
19,https://www.hltv.org/matches/2345610/furia-vs-north-dreamhack-masters-winter-2020-europe,https://www.hltv.org/demo/61491/,DreamHack Masters Winter 2020 Europe,2020-12-01,FURIA vs. North,"Inferno, Overpass"
20,https://www.hltv.org/matches/2345399/furia-vs-liquid-blast-premier-fall-2020-showdown,https://www.hltv.org/demo/61456/,BLAST Premier Fall 2020 Showdown,2020-11-29,FURIA vs. Liquid,"Mirage, Inferno, Overpass"
21,https://www.hltv.org/matches/2345395/virtuspro-vs-furia-blast-premier-fall-2020-showdown,https://www.hltv.org/demo/61425/,BLAST Premier Fall 2020 Showdown,2020-11-27,Virtus.pro vs. FURIA,"Train, Mirage, Inferno"
22,https://www.hltv.org/matches/2345387/furia-vs-isurus-blast-premier-fall-2020-showdown,https://www.hltv.org/demo/61382/,BLAST Premier Fall 2020 Showdown,2020-11-24,FURIA vs. Isurus,"Mirage, Inferno, Overpass"
23,https://www.hltv.org/matches/2344833/mibr-vs-furia-blast-premier-fall-series-2020,https://www.hltv.org/demo/61002/,BLAST Premier Fall Series 2020,2020-11-03,MIBR vs. FURIA,"Vertigo, Inferno, Nuke"
24,https://www.hltv.org/matches/2344831/furia-vs-g2-blast-premier-fall-series-2020,https://www.hltv.org/demo/60988/,BLAST Premier Fall Series 2020,2020-11-02,FURIA vs. G2,"Mirage, Nuke"
25,https://www.hltv.org/matches/2344450/furia-vs-100-thieves-iem-new-york-2020-north-america,https://www.hltv.org/demo/60591/,IEM New York 2020 North America,2020-10-18,FURIA vs. 100 Thieves,"Vertigo, Inferno, Mirage, Nuke"
26,https://www.hltv.org/matches/2344439/evil-geniuses-vs-furia-iem-new-york-2020-north-america,https://www.hltv.org/demo/60545/,IEM New York 2020 North America,2020-10-16,Evil Geniuses vs. FURIA,"Train, Nuke"
27,https://www.hltv.org/matches/2344437/furia-vs-liquid-iem-new-york-2020-north-america,https://www.hltv.org/demo/60525/,IEM New York 2020 North America,2020-10-15,FURIA vs. Liquid,"Mirage, Inferno, Vertigo"
28,https://www.hltv.org/matches/2344431/furia-vs-new-england-whalers-iem-new-york-2020-north-america,https://www.hltv.org/demo/60468/,IEM New York 2020 North America,2020-10-13,FURIA vs. New England Whalers,"Mirage, Nuke"
29,https://www.hltv.org/matches/2344426/furia-vs-imperium-iem-new-york-2020-north-america,https://www.hltv.org/demo/60403/,IEM New York 2020 North America,2020-10-11,FURIA vs. ImPerium,"Inferno, Overpass"
30,https://www.hltv.org/matches/2344393/evil-geniuses-vs-furia-iem-new-york-2020-north-america,https://www.hltv.org/demo/60373/,IEM New York 2020 North America,2020-10-09,Evil Geniuses vs. FURIA,"Overpass, Nuke"
31,https://www.hltv.org/matches/2344385/furia-vs-triumph-iem-new-york-2020-north-america,https://www.hltv.org/demo/60326/,IEM New York 2020 North America,2020-10-08,FURIA vs. Triumph,"Train, Mirage, Inferno"
32,https://www.hltv.org/matches/2344371/furia-vs-rebirth-iem-new-york-2020-north-america,https://www.hltv.org/demo/60298/,IEM New York 2020 North America,2020-10-07,FURIA vs. Rebirth,"Mirage, Inferno"
33,https://www.hltv.org/matches/2343714/furia-vs-100-thieves-esl-pro-league-season-12-north-america,https://www.hltv.org/demo/60109/,ESL Pro League Season 12 North America,2020-09-27,FURIA vs. 100 Thieves,"Vertigo, Inferno"
34,https://www.hltv.org/matches/2343711/evil-geniuses-vs-furia-esl-pro-league-season-12-north-america,https://www.hltv.org/demo/60063/,ESL Pro League Season 12 North America,2020-09-24,Evil Geniuses vs. FURIA,"Inferno, Nuke"
35,https://www.hltv.org/matches/2343715/furia-vs-chaos-esl-pro-league-season-12-north-america,https://www.hltv.org/demo/60020/,ESL Pro League Season 12 North America,2020-09-22,FURIA vs. Chaos,"Inferno, Overpass, Nuke"
36,https://www.hltv.org/matches/2343648/furia-vs-100-thieves-esl-pro-league-season-12-north-america,https://www.hltv.org/demo/59971/,ESL Pro League Season 12 North America,2020-09-20,FURIA vs. 100 Thieves,"Train, Nuke"
37,https://www.hltv.org/matches/2343634/furia-vs-geng-esl-pro-league-season-12-north-america,https://www.hltv.org/demo/59962/,ESL Pro League Season 12 North America,2020-09-19,FURIA vs. Gen.G,"Inferno, Nuke"
38,https://www.hltv.org/matches/2343628/furia-vs-evil-geniuses-esl-pro-league-season-12-north-america,https://www.hltv.org/demo/59871/,ESL Pro League Season 12 North America,2020-09-16,FURIA vs. Evil Geniuses,"Inferno, Nuke"
39,https://www.hltv.org/matches/2343621/furia-vs-liquid-esl-pro-league-season-12-north-america,https://www.hltv.org/demo/59807/,ESL Pro League Season 12 North America,2020-09-13,FURIA vs. Liquid,"Vertigo, Nuke"
40,https://www.hltv.org/matches/2343617/furia-vs-triumph-esl-pro-league-season-12-north-america,https://www.hltv.org/demo/59721/,ESL Pro League Season 12 North America,2020-09-09,FURIA vs. Triumph,"Train, Inferno"
41,https://www.hltv.org/matches/2343605/furia-vs-cloud9-esl-pro-league-season-12-north-america,https://www.hltv.org/demo/59556/,ESL Pro League Season 12 North America,2020-09-02,FURIA vs. Cloud9,"Vertigo, Inferno, Overpass"
42,https://www.hltv.org/matches/2343382/evil-geniuses-vs-furia-esl-one-cologne-2020-north-america,https://www.hltv.org/demo/59475/,ESL One Cologne 2020 North America,2020-08-28,Evil Geniuses vs. FURIA,"Vertigo, Nuke"
43,https://www.hltv.org/matches/2343379/100-thieves-vs-furia-esl-one-cologne-2020-north-america,https://www.hltv.org/demo/59431/,ESL One Cologne 2020 North America,2020-08-25,100 Thieves vs. FURIA,"Mirage, Inferno, Vertigo"
44,https://www.hltv.org/matches/2343377/furia-vs-geng-esl-one-cologne-2020-north-america,https://www.hltv.org/demo/59389/,ESL One Cologne 2020 North America,2020-08-22,FURIA vs. Gen.G,"Train, Inferno"
45,https://www.hltv.org/matches/2343182/furia-vs-chaos-esl-one-cologne-2020-north-america,https://www.hltv.org/demo/59300/,ESL One Cologne 2020 North America,2020-08-18,FURIA vs. Chaos,"Inferno, Nuke"
46,https://www.hltv.org/matches/2343154/furia-vs-liquid-dreamhack-open-summer-2020-north-america,https://www.hltv.org/demo/59255/,DreamHack Open Summer 2020 North America,2020-08-16,FURIA vs. Liquid,"Vertigo, Inferno, Nuke"
47,https://www.hltv.org/matches/2343152/furia-vs-chaos-dreamhack-open-summer-2020-north-america,https://www.hltv.org/demo/59197/,DreamHack Open Summer 2020 North America,2020-08-14,FURIA vs. Chaos,"Inferno, Nuke"
48,https://www.hltv.org/matches/2343146/furia-vs-teamone-dreamhack-open-summer-2020-north-america,https://www.hltv.org/demo/59146/,DreamHack Open Summer 2020 North America,2020-08-12,FURIA vs. TeamOne,"Train, Mirage, Nuke"
49,https://www.hltv.org/matches/2343142/furia-vs-yeah-dreamhack-open-summer-2020-north-america,https://www.hltv.org/demo/59078/,DreamHack Open Summer 2020 North America,2020-08-09,FURIA vs. Yeah,"Mirage, Inferno"
50,https://www.hltv.org/matches/2342415/furia-vs-cloud9-cs-summit-6-north-america,https://www.hltv.org/demo/58520/,cs_summit 6 North America,2020-07-02,FURIA vs. Cloud9,"Train, Vertigo, Inferno"
51,https://www.hltv.org/matches/2342413/furia-vs-liquid-cs-summit-6-north-america,https://www.hltv.org/demo/58402/,cs_summit 6 North America,2020-06-28,FURIA vs. Liquid,"Vertigo, Nuke"
52,https://www.hltv.org/matches/2342409/mibr-vs-furia-cs-summit-6-north-america,https://www.hltv.org/demo/58340/,cs_summit 6 North America,2020-06-26,MIBR vs. FURIA,"Vertigo, Inferno"
53,https://www.hltv.org/matches/2342407/evil-geniuses-vs-furia-cs-summit-6-north-america,https://www.hltv.org/demo/58326/,cs_summit 6 North America,2020-06-25,Evil Geniuses vs. FURIA,"Vertigo, Inferno, Nuke"
54,https://www.hltv.org/matches/2342097/furia-vs-evil-geniuses-blast-premier-spring-2020-americas-finals,https://www.hltv.org/demo/58193/,BLAST Premier Spring 2020 Americas Finals,2020-06-20,FURIA vs. Evil Geniuses,"Train, Vertigo, Inferno"
55,https://www.hltv.org/matches/2342095/furia-vs-liquid-blast-premier-spring-2020-americas-finals,https://www.hltv.org/demo/58148/,BLAST Premier Spring 2020 Americas Finals,2020-06-18,FURIA vs. Liquid,"Vertigo, Mirage, Nuke"
56,https://www.hltv.org/matches/2342093/furia-vs-mibr-blast-premier-spring-2020-americas-finals,https://www.hltv.org/demo/58080/,BLAST Premier Spring 2020 Americas Finals,2020-06-16,FURIA vs. MIBR,"Vertigo, Inferno"
57,https://www.hltv.org/matches/2341566/furia-vs-liquid-dreamhack-masters-spring-2020-north-america,https://www.hltv.org/demo/58017/,DreamHack Masters Spring 2020 - North America,2020-06-14,FURIA vs. Liquid,"Mirage, Vertigo"
58,https://www.hltv.org/matches/2341561/furia-vs-100-thieves-dreamhack-masters-spring-2020-north-america,https://www.hltv.org/demo/57931/,DreamHack Masters Spring 2020 - North America,2020-06-11,FURIA vs. 100 Thieves,"Train, Vertigo, Inferno"
59,https://www.hltv.org/matches/2341994/furia-vs-triumph-esl-pro-league-season-12-north-america-qualifier,https://www.hltv.org/demo/57891/,ESL Pro League Season 12 North America Qualifier,2020-06-11,FURIA vs. Triumph,"Mirage, Inferno, Overpass"
60,https://www.hltv.org/matches/2341993/furia-vs-infinity-esl-pro-league-season-12-north-america-qualifier,https://www.hltv.org/demo/57852/,ESL Pro League Season 12 North America Qualifier,2020-06-10,FURIA vs. Infinity,"Mirage, Overpass"
61,https://www.hltv.org/matches/2341701/furia-vs-geng-blast-premier-spring-2020-americas-showdown,https://www.hltv.org/demo/57790/,BLAST Premier Spring 2020 Americas Showdown,2020-06-06,FURIA vs. Gen.G,"Train, Inferno"
62,https://www.hltv.org/matches/2341689/furia-vs-chaos-blast-premier-spring-2020-americas-showdown,https://www.hltv.org/demo/57753/,BLAST Premier Spring 2020 Americas Showdown,2020-06-04,FURIA vs. Chaos,Inferno
63,https://www.hltv.org/matches/2341682/furia-vs-geng-blast-premier-spring-2020-americas-showdown,https://www.hltv.org/demo/57695/,BLAST Premier Spring 2020 Americas Showdown,2020-06-02,FURIA vs. Gen.G,Inferno
64,https://www.hltv.org/matches/2341674/furia-vs-mibr-blast-premier-spring-2020-americas-showdown,https://www.hltv.org/demo/57667/,BLAST Premier Spring 2020 Americas Showdown,2020-06-01,FURIA vs. MIBR,Inferno
65,https://www.hltv.org/matches/2341033/furia-vs-chaos-dreamhack-masters-spring-2020-north-america,https://www.hltv.org/demo/57484/,DreamHack Masters Spring 2020 - North America,2020-05-24,FURIA vs. Chaos,"Inferno, Overpass, Nuke"
66,https://www.hltv.org/matches/2341026/liquid-vs-furia-dreamhack-masters-spring-2020-north-america,https://www.hltv.org/demo/57435/,DreamHack Masters Spring 2020 - North America,2020-05-21,Liquid vs. FURIA,"Vertigo, Mirage, Nuke"
67,https://www.hltv.org/matches/2341025/mibr-vs-furia-dreamhack-masters-spring-2020-north-america,https://www.hltv.org/demo/57395/,DreamHack Masters Spring 2020 - North America,2020-05-20,MIBR vs. FURIA,"Train, Vertigo"
68,https://www.hltv.org/matches/2341139/geng-vs-furia-esl-one-road-to-rio-north-america,https://www.hltv.org/demo/57184/,ESL One: Road to Rio - North America,2020-05-10,Gen.G vs. FURIA,"Train, Vertigo, Inferno"
69,https://www.hltv.org/matches/2341137/furia-vs-liquid-esl-one-road-to-rio-north-america,https://www.hltv.org/demo/57161/,ESL One: Road to Rio - North America,2020-05-09,FURIA vs. Liquid,"Vertigo, Overpass"
70,https://www.hltv.org/matches/2340946/mibr-vs-furia-esl-one-road-to-rio-north-america,https://www.hltv.org/demo/56997/,ESL One: Road to Rio - North America,2020-05-03,MIBR vs. FURIA,"Vertigo, Inferno"
71,https://www.hltv.org/matches/2340940/liquid-vs-furia-esl-one-road-to-rio-north-america,https://www.hltv.org/demo/56973/,ESL One: Road to Rio - North America,2020-05-01,Liquid vs. FURIA,"Vertigo, Inferno"
72,https://www.hltv.org/matches/2340934/furia-vs-yeah-esl-one-road-to-rio-north-america,https://www.hltv.org/demo/56925/,ESL One: Road to Rio - North America,2020-04-29,FURIA vs. Yeah,"Mirage, Inferno, Nuke"
73,https://www.hltv.org/matches/2340922/bad-news-bears-vs-furia-esl-one-road-to-rio-north-america,https://www.hltv.org/demo/56878/,ESL One: Road to Rio - North America,2020-04-25,Bad News Bears vs. FURIA,"Mirage, Inferno"
74,https://www.hltv.org/matches/2340903/furia-vs-envy-esl-one-road-to-rio-north-america,https://www.hltv.org/demo/56863/,ESL One: Road to Rio - North America,2020-04-23,FURIA vs. Envy,"Mirage, Inferno, Nuke"
75,https://www.hltv.org/matches/2340656/furia-vs-evil-geniuses-esl-pro-league-season-11-north-america,https://www.hltv.org/demo/56683/,ESL Pro League Season 11 North America,2020-04-11,FURIA vs. Evil Geniuses,"Vertigo, Inferno"
76,https://www.hltv.org/matches/2340654/furia-vs-mibr-esl-pro-league-season-11-north-america,https://www.hltv.org/demo/56656/,ESL Pro League Season 11 North America,2020-04-09,FURIA vs. MIBR,"Vertigo, Mirage"
77,https://www.hltv.org/matches/2340423/100-thieves-vs-furia-esl-pro-league-season-11-north-america,https://www.hltv.org/demo/56566/,ESL Pro League Season 11 North America,2020-04-03,100 Thieves vs. FURIA,"Mirage, Vertigo, Nuke"
78,https://www.hltv.org/matches/2340421/furia-vs-swole-patrol-esl-pro-league-season-11-north-america,https://www.hltv.org/demo/56554/,ESL Pro League Season 11 North America,2020-04-02,FURIA vs. Swole Patrol,"Vertigo, Nuke"
79,https://www.hltv.org/matches/2340420/evil-geniuses-vs-furia-esl-pro-league-season-11-north-america,https://www.hltv.org/demo/56542/,ESL Pro League Season 11 North America,2020-04-01,Evil Geniuses vs. FURIA,"Train, Mirage, Nuke"
80,https://www.hltv.org/matches/2340522/furia-vs-mibr-esl-pro-league-season-11-north-america,https://www.hltv.org/demo/56524/,ESL Pro League Season 11 North America,2020-03-30,FURIA vs. MIBR,"Train, Mirage, Inferno"
81,https://www.hltv.org/matches/2340417/liquid-vs-furia-esl-pro-league-season-11-north-america,https://www.hltv.org/demo/56516/,ESL Pro League Season 11 North America,2020-03-29,Liquid vs. FURIA,"Mirage, Inferno, Nuke"
82,https://www.hltv.org/matches/2340172/furia-vs-envy-americas-minor-north-america-closed-qualifier-esl-one-rio-2020,https://www.hltv.org/demo/56091/,Americas Minor North America Closed Qualifier - ESL One Rio 2020,2020-03-08,FURIA vs. Envy,"Mirage, Nuke"
83,https://www.hltv.org/matches/2339898/furia-vs-triumph-americas-minor-north-america-closed-qualifier-esl-one-rio-2020,https://www.hltv.org/demo/56081/,Americas Minor North America Closed Qualifier - ESL One Rio 2020,2020-03-07,FURIA vs. Triumph,"Inferno, Overpass"
84,https://www.hltv.org/matches/2339367/geng-vs-furia-dreamhack-open-anaheim-2020,https://www.hltv.org/demo/55756/,DreamHack Open Anaheim 2020,2020-02-24,Gen.G vs. FURIA,"Inferno, Nuke"
85,https://www.hltv.org/matches/2339366/furia-vs-complexity-dreamhack-open-anaheim-2020,https://www.hltv.org/demo/55753/,DreamHack Open Anaheim 2020,2020-02-23,FURIA vs. Complexity,"Mirage, Overpass, Nuke"
86,https://www.hltv.org/matches/2339359/furia-vs-north-dreamhack-open-anaheim-2020,https://www.hltv.org/demo/55730/,DreamHack Open Anaheim 2020,2020-02-22,FURIA vs. North,Overpass
87,https://www.hltv.org/matches/2339355/furia-vs-endpoint-dreamhack-open-anaheim-2020,https://www.hltv.org/demo/55724/,DreamHack Open Anaheim 2020,2020-02-21,FURIA vs. Endpoint,Inferno
88,https://www.hltv.org/matches/2338787/furia-vs-chaos-iem-katowice-2020-north-america-closed-qualifier,https://www.hltv.org/demo/54920/,IEM Katowice 2020 North America Closed Qualifier,2020-01-08,FURIA vs. Chaos,"Train, Mirage"
89,https://www.hltv.org/matches/2338663/furia-vs-spirit-champions-cup-finals,https://www.hltv.org/demo/54798/,Champions Cup Finals,2019-12-21,FURIA vs. Spirit,"Mirage, Nuke"
90,https://www.hltv.org/matches/2338656/furia-vs-movistar-riders-champions-cup-finals,https://www.hltv.org/demo/54763/,Champions Cup Finals,2019-12-19,FURIA vs. Movistar Riders,"Inferno, Nuke"
91,https://www.hltv.org/matches/2338652/furia-vs-tyloo-champions-cup-finals,https://www.hltv.org/demo/54756/,Champions Cup Finals,2019-12-19,FURIA vs. TYLOO,Mirage
92,https://www.hltv.org/matches/2338430/furia-vs-mousesports-cs-summit-5,https://www.hltv.org/demo/54664/,cs_summit 5,2019-12-15,FURIA vs. mousesports,Vertigo
93,https://www.hltv.org/matches/2338429/mousesports-vs-furia-cs-summit-5,https://www.hltv.org/demo/54663/,cs_summit 5,2019-12-15,mousesports vs. FURIA,Mirage
94,https://www.hltv.org/matches/2338428/furia-vs-og-cs-summit-5,https://www.hltv.org/demo/54661/,cs_summit 5,2019-12-15,FURIA vs. OG,Inferno
95,https://www.hltv.org/matches/2338427/og-vs-furia-cs-summit-5,https://www.hltv.org/demo/54662/,cs_summit 5,2019-12-15,OG vs. FURIA,Overpass
96,https://www.hltv.org/matches/2338420/mibr-vs-furia-cs-summit-5,https://www.hltv.org/demo/54632/,cs_summit 5,2019-12-14,MIBR vs. FURIA,Inferno
97,https://www.hltv.org/matches/2338419/furia-vs-mibr-cs-summit-5,https://www.hltv.org/demo/54633/,cs_summit 5,2019-12-14,FURIA vs. MIBR,Mirage
98,https://www.hltv.org/matches/2338408/g2-vs-furia-cs-summit-5,https://www.hltv.org/demo/54597/,cs_summit 5,2019-12-13,G2 vs. FURIA,Nuke
99,https://www.hltv.org/matches/2338407/furia-vs-g2-cs-summit-5,https://www.hltv.org/demo/54596/,cs_summit 5,2019-12-13,FURIA vs. G2,Vertigo
100,https://www.hltv.org/matches/2338406/furia-vs-virtuspro-cs-summit-5,https://www.hltv.org/demo/54588/,cs_summit 5,2019-12-13,FURIA vs. Virtus.pro,Nuke
101,https://www.hltv.org/matches/2338405/virtuspro-vs-furia-cs-summit-5,https://www.hltv.org/demo/54587/,cs_summit 5,2019-12-12,Virtus.pro vs. FURIA,Mirage
102,https://www.hltv.org/matches/2338033/furia-vs-forze-dreamhack-open-winter-2019,https://www.hltv.org/demo/54261/,DreamHack Open Winter 2019,2019-11-30,FURIA vs. forZe,"Mirage, Inferno, Nuke"
103,https://www.hltv.org/matches/2338029/furia-vs-tricked-dreamhack-open-winter-2019,https://www.hltv.org/demo/54244/,DreamHack Open Winter 2019,2019-11-29,FURIA vs. Tricked,Overpass
104,https://www.hltv.org/matches/2338025/furia-vs-marskalk-dreamhack-open-winter-2019,https://www.hltv.org/demo/54238/,DreamHack Open Winter 2019,2019-11-29,FURIA vs. Marskalk,Nuke
105,https://www.hltv.org/matches/2337379/furia-vs-100-thieves-esl-pro-league-season-10-americas,https://www.hltv.org/demo/54022/,ESL Pro League Season 10 Americas,2019-11-19,FURIA vs. 100 Thieves,"Vertigo, Inferno"
106,https://www.hltv.org/matches/2337377/furia-vs-eunited-esl-pro-league-season-10-americas,https://www.hltv.org/demo/54011/,ESL Pro League Season 10 Americas,2019-11-18,FURIA vs. eUnited,"Vertigo, Overpass"
107,https://www.hltv.org/matches/2337375/furia-vs-isurus-esl-pro-league-season-10-americas,https://www.hltv.org/demo/53977/,ESL Pro League Season 10 Americas,2019-11-17,FURIA vs. Isurus,"Overpass, Nuke"
108,https://www.hltv.org/matches/2337137/fnatic-vs-furia-starseries-i-league-season-8,https://www.hltv.org/demo/53400/,StarSeries i-League Season 8,2019-10-27,fnatic vs. FURIA,"Mirage, Inferno, Nuke"
109,https://www.hltv.org/matches/2337136/furia-vs-renegades-starseries-i-league-season-8,https://www.hltv.org/demo/53377/,StarSeries i-League Season 8,2019-10-26,FURIA vs. Renegades,"Mirage, Nuke"
110,https://www.hltv.org/matches/2337134/furia-vs-g2-starseries-i-league-season-8,https://www.hltv.org/demo/53368/,StarSeries i-League Season 8,2019-10-26,FURIA vs. G2,"Vertigo, Mirage"
111,https://www.hltv.org/matches/2337132/furia-vs-vitality-starseries-i-league-season-8,https://www.hltv.org/demo/53351/,StarSeries i-League Season 8,2019-10-25,FURIA vs. Vitality,"Mirage, Nuke"
112,https://www.hltv.org/matches/2337126/furia-vs-evil-geniuses-starseries-i-league-season-8,https://www.hltv.org/demo/53326/,StarSeries i-League Season 8,2019-10-24,FURIA vs. Evil Geniuses,"Train, Mirage"
113,https://www.hltv.org/matches/2337121/avangar-vs-furia-starseries-i-league-season-8,https://www.hltv.org/demo/53305/,StarSeries i-League Season 8,2019-10-23,AVANGAR vs. FURIA,"Mirage, Inferno, Overpass"
114,https://www.hltv.org/matches/2337116/5power-vs-furia-starseries-i-league-season-8,https://www.hltv.org/demo/53291/,StarSeries i-League Season 8,2019-10-23,5POWER vs. FURIA,"Mirage, Inferno"
115,https://www.hltv.org/matches/2337110/nip-vs-furia-starseries-i-league-season-8,https://www.hltv.org/demo/53265/,StarSeries i-League Season 8,2019-10-22,NIP vs. FURIA,"Train, Nuke"
116,https://www.hltv.org/matches/2337036/furia-vs-cloud9-ecs-season-8-north-america-week-3,https://www.hltv.org/demo/53097/,ECS Season 8 North America Week 3,2019-10-15,FURIA vs. Cloud9,"Train, Mirage, Overpass"
117,https://www.hltv.org/matches/2336982/furia-vs-riot-squad-ecs-season-8-north-america-week-3,https://www.hltv.org/demo/53073/,ECS Season 8 North America Week 3,2019-10-15,FURIA vs. Riot Squad,"Mirage, Inferno, Nuke"
118,https://www.hltv.org/matches/2336730/mibr-vs-furia-esl-pro-league-season-10-americas,https://www.hltv.org/demo/52990/,ESL Pro League Season 10 Americas,2019-10-11,MIBR vs. FURIA,"Train, Mirage, Overpass"
119,https://www.hltv.org/matches/2336728/furia-vs-envy-esl-pro-league-season-10-americas,https://www.hltv.org/demo/52964/,ESL Pro League Season 10 Americas,2019-10-10,FURIA vs. Envy,"Mirage, Vertigo, Nuke"
120,https://www.hltv.org/matches/2336745/furia-vs-swole-patrol-esl-pro-league-season-10-americas,https://www.hltv.org/demo/52953/,ESL Pro League Season 10 Americas,2019-10-09,FURIA vs. Swole Patrol,"Vertigo, Inferno"
121,https://www.hltv.org/matches/2336326/furia-vs-fnatic-dreamhack-masters-malm-2019,https://www.hltv.org/demo/52833/,DreamHack Masters Malmö 2019,2019-10-03,FURIA vs. fnatic,"Inferno, Overpass"
122,https://www.hltv.org/matches/2336319/furia-vs-ence-dreamhack-masters-malm-2019,https://www.hltv.org/demo/52791/,DreamHack Masters Malmö 2019,2019-10-02,FURIA vs. ENCE,"Train, Mirage"
123,https://www.hltv.org/matches/2336312/envy-vs-furia-dreamhack-masters-malm-2019,https://www.hltv.org/demo/52774/,DreamHack Masters Malmö 2019,2019-10-01,Envy vs. FURIA,"Vertigo, Mirage, Nuke"
124,https://www.hltv.org/matches/2336299/g2-vs-furia-dreamhack-masters-malm-2019,https://www.hltv.org/demo/52757/,DreamHack Masters Malmö 2019,2019-10-01,G2 vs. FURIA,Train
125,https://www.hltv.org/matches/2336277/sprout-vs-furia-games-clash-masters-2019,https://www.hltv.org/demo/52431/,Games Clash Masters 2019,2019-09-21,Sprout vs. FURIA,"Train, Mirage, Inferno"
126,https://www.hltv.org/matches/2336276/furia-vs-big-games-clash-masters-2019,https://www.hltv.org/demo/52410/,Games Clash Masters 2019,2019-09-20,FURIA vs. BIG,"Train, Nuke"
127,https://www.hltv.org/matches/2336272/furia-vs-illuminar-games-clash-masters-2019,https://www.hltv.org/demo/52398/,Games Clash Masters 2019,2019-09-20,FURIA vs. Illuminar,Vertigo
128,https://www.hltv.org/matches/2336064/big-vs-furia-games-clash-masters-2019,https://www.hltv.org/demo/52390/,Games Clash Masters 2019,2019-09-20,BIG vs. FURIA,Overpass
129,https://www.hltv.org/matches/2336081/furia-vs-cr4zy-arctic-invitational,https://www.hltv.org/demo/52215/,Arctic Invitational,2019-09-14,FURIA vs. CR4ZY,"Vertigo, Mirage"
130,https://www.hltv.org/matches/2335749/furia-vs-cloud9-arctic-invitational,https://www.hltv.org/demo/52198/,Arctic Invitational,2019-09-14,FURIA vs. Cloud9,"Train, Mirage"
131,https://www.hltv.org/matches/2335541/furia-vs-syman-starladder-major-2019-main-qualifier,https://www.hltv.org/demo/51822/,StarLadder Major 2019 Main Qualifier,2019-08-25,FURIA vs. Syman,"Train, Inferno"
132,https://www.hltv.org/matches/2335534/furia-vs-forze-starladder-major-2019-main-qualifier,https://www.hltv.org/demo/51816/,StarLadder Major 2019 Main Qualifier,2019-08-24,FURIA vs. forZe,Nuke
133,https://www.hltv.org/matches/2335530/furia-vs-cr4zy-starladder-major-2019-main-qualifier,https://www.hltv.org/demo/51811/,StarLadder Major 2019 Main Qualifier,2019-08-24,FURIA vs. CR4ZY,Train
134,https://www.hltv.org/matches/2335520/furia-vs-hellraisers-starladder-major-2019-main-qualifier,https://www.hltv.org/demo/51801/,StarLadder Major 2019 Main Qualifier,2019-08-23,FURIA vs. HellRaisers,Inferno
135,https://www.hltv.org/matches/2334833/avangar-vs-furia-emf-csgo-world-invitational-2019,https://www.hltv.org/demo/51410/,EMF CS:GO World Invitational 2019,2019-07-26,AVANGAR vs. FURIA,"Overpass, Vertigo, Inferno, Mirage"
136,https://www.hltv.org/matches/2334865/furia-vs-intz-americas-minor-starladder-major-2019,https://www.hltv.org/demo/51352/,Americas Minor - StarLadder Major 2019,2019-07-21,FURIA vs. INTZ,"Train, Mirage, Nuke"
137,https://www.hltv.org/matches/2334863/furia-vs-sharks-americas-minor-starladder-major-2019,https://www.hltv.org/demo/51311/,Americas Minor - StarLadder Major 2019,2019-07-20,FURIA vs. Sharks,"Train, Nuke"
138,https://www.hltv.org/matches/2334861/nrg-vs-furia-americas-minor-starladder-major-2019,https://www.hltv.org/demo/51275/,Americas Minor - StarLadder Major 2019,2019-07-19,NRG vs. FURIA,"Train, Nuke"
139,https://www.hltv.org/matches/2334860/luminosity-vs-furia-americas-minor-starladder-major-2019,https://www.hltv.org/demo/51253/,Americas Minor - StarLadder Major 2019,2019-07-18,Luminosity vs. FURIA,"Vertigo, Mirage"
140,https://www.hltv.org/matches/2334858/furia-vs-eunited-americas-minor-starladder-major-2019,https://www.hltv.org/demo/51250/,Americas Minor - StarLadder Major 2019,2019-07-18,FURIA vs. eUnited,"Overpass, Nuke"
141,https://www.hltv.org/matches/2334852/furia-vs-intz-americas-minor-starladder-major-2019,https://www.hltv.org/demo/51228/,Americas Minor - StarLadder Major 2019,2019-07-17,FURIA vs. INTZ,Overpass
142,https://www.hltv.org/matches/2334885/furia-vs-spirit-esea-season-31-global-challenge,https://www.hltv.org/demo/51192/,ESEA Season 31 Global Challenge,2019-07-14,FURIA vs. Spirit,"Vertigo, Nuke"
143,https://www.hltv.org/matches/2334883/vitality-vs-furia-esea-season-31-global-challenge,https://www.hltv.org/demo/51170/,ESEA Season 31 Global Challenge,2019-07-14,Vitality vs. FURIA,"Train, Inferno"
144,https://www.hltv.org/matches/2334882/furia-vs-chiefs-esea-season-31-global-challenge,https://www.hltv.org/demo/51183/,ESEA Season 31 Global Challenge,2019-07-14,FURIA vs. Chiefs,"Train, Nuke"
145,https://www.hltv.org/matches/2334878/furia-vs-sprout-esea-season-31-global-challenge,https://www.hltv.org/demo/51179/,ESEA Season 31 Global Challenge,2019-07-13,FURIA vs. Sprout,Inferno
146,https://www.hltv.org/matches/2334875/chiefs-vs-furia-esea-season-31-global-challenge,https://www.hltv.org/demo/51175/,ESEA Season 31 Global Challenge,2019-07-13,Chiefs vs. FURIA,Nuke
147,https://www.hltv.org/matches/2334539/furia-vs-singularity-esea-mdl-season-31-north-america-finals,https://www.hltv.org/demo/51172/,ESEA MDL Season 31 North America Finals,2019-07-12,FURIA vs. Singularity,"Train, Nuke"
148,https://www.hltv.org/matches/2334608/furia-vs-natus-vincere-esl-one-cologne-2019,https://www.hltv.org/demo/50982/,ESL One Cologne 2019,2019-07-03,FURIA vs. Natus Vincere,"Overpass, Nuke"
149,https://www.hltv.org/matches/2334603/furia-vs-renegades-esl-one-cologne-2019,https://www.hltv.org/demo/50969/,ESL One Cologne 2019,2019-07-02,FURIA vs. Renegades,"Mirage, Nuke"
150,https://www.hltv.org/matches/2334595/furia-vs-nrg-esl-one-cologne-2019,https://www.hltv.org/demo/50962/,ESL One Cologne 2019,2019-07-02,FURIA vs. NRG,Nuke
151,https://www.hltv.org/matches/2334644/eunited-vs-furia-esl-one-new-york-2019-north-america-closed-qualifier,https://www.hltv.org/demo/50902/,ESL One New York 2019 North America Closed Qualifier,2019-06-28,eUnited vs. FURIA,"Vertigo, Overpass"
152,https://www.hltv.org/matches/2334643/lazarus-vs-furia-esl-one-new-york-2019-north-america-closed-qualifier,https://www.hltv.org/demo/50896/,ESL One New York 2019 North America Closed Qualifier,2019-06-27,Lazarus vs. FURIA,"Mirage, Overpass"
153,https://www.hltv.org/matches/2334633/furia-vs-teamone-esl-one-new-york-2019-north-america-closed-qualifier,https://www.hltv.org/demo/50891/,ESL One New York 2019 North America Closed Qualifier,2019-06-27,FURIA vs. TeamOne,"Train, Mirage, Vertigo"
154,https://www.hltv.org/matches/2334516/furia-vs-party-astronauts-esea-mdl-season-31-north-america,https://www.hltv.org/demo/50808/,ESEA MDL Season 31 North America,2019-06-21,FURIA vs. Party Astronauts,"Overpass, Nuke"
155,https://www.hltv.org/matches/2334488/furia-vs-teamone-esea-mdl-season-31-north-america,https://www.hltv.org/demo/50786/,ESEA MDL Season 31 North America,2019-06-20,FURIA vs. TeamOne,"Train, Inferno, Overpass"
156,https://www.hltv.org/matches/2334327/furia-vs-gamerlegion-moche-xl-esports-2019,https://www.hltv.org/demo/50696/,Moche XL Esports 2019,2019-06-16,FURIA vs. GamerLegion,"Vertigo, Inferno"
157,https://www.hltv.org/matches/2334381/furia-vs-teamone-americas-minor-north-america-closed-qualifier-starladder-major-2019,https://www.hltv.org/demo/50632/,Americas Minor North America Closed Qualifier - StarLadder Major 2019,2019-06-14,FURIA vs. TeamOne,"Overpass, Nuke"
158,https://www.hltv.org/matches/2333423/furia-vs-prospects-esea-mdl-season-31-north-america,https://www.hltv.org/demo/50571/,ESEA MDL Season 31 North America,2019-06-12,FURIA vs. Prospects,Nuke
159,https://www.hltv.org/matches/2334307/furia-vs-party-astronauts-esea-mdl-season-31-north-america,https://www.hltv.org/demo/50569/,ESEA MDL Season 31 North America,2019-06-12,FURIA vs. Party Astronauts,Overpass
160,https://www.hltv.org/matches/2333777/furia-vs-vitality-ecs-season-7-finals,https://www.hltv.org/demo/50491/,ECS Season 7 Finals,2019-06-09,FURIA vs. Vitality,"Inferno, Overpass"
161,https://www.hltv.org/matches/2333775/north-vs-furia-ecs-season-7-finals,https://www.hltv.org/demo/50451/,ECS Season 7 Finals,2019-06-08,North vs. FURIA,"Inferno, Overpass"
162,https://www.hltv.org/matches/2333773/furia-vs-astralis-ecs-season-7-finals,https://www.hltv.org/demo/50407/,ECS Season 7 Finals,2019-06-07,FURIA vs. Astralis,"Mirage, Inferno, Nuke"
163,https://www.hltv.org/matches/2333769/furia-vs-nrg-ecs-season-7-finals,https://www.hltv.org/demo/50370/,ECS Season 7 Finals,2019-06-06,FURIA vs. NRG,"Train, Nuke"
164,https://www.hltv.org/matches/2333765/astralis-vs-furia-ecs-season-7-finals,https://www.hltv.org/demo/50339/,ECS Season 7 Finals,2019-06-06,Astralis vs. FURIA,Nuke
165,https://www.hltv.org/matches/2333295/liquid-vs-furia-dreamhack-masters-dallas-2019,https://www.hltv.org/demo/50151/,DreamHack Masters Dallas 2019,2019-06-01,Liquid vs. FURIA,"Overpass, Nuke"
166,https://www.hltv.org/matches/2333293/vitality-vs-furia-dreamhack-masters-dallas-2019,https://www.hltv.org/demo/50109/,DreamHack Masters Dallas 2019,2019-05-31,Vitality vs. FURIA,"Inferno, Nuke"
167,https://www.hltv.org/matches/2333291/ence-vs-furia-dreamhack-masters-dallas-2019,https://www.hltv.org/demo/50100/,DreamHack Masters Dallas 2019,2019-05-31,ENCE vs. FURIA,"Train, Overpass, Nuke"
168,https://www.hltv.org/matches/2333285/furia-vs-fnatic-dreamhack-masters-dallas-2019,https://www.hltv.org/demo/50048/,DreamHack Masters Dallas 2019,2019-05-30,FURIA vs. fnatic,"Mirage, Nuke"
169,https://www.hltv.org/matches/2333275/nrg-vs-furia-dreamhack-masters-dallas-2019,https://www.hltv.org/demo/49983/,DreamHack Masters Dallas 2019,2019-05-28,NRG vs. FURIA,Overpass
170,https://www.hltv.org/matches/2333575/furia-vs-the-quest-esea-mdl-season-31-north-america,https://www.hltv.org/demo/49892/,ESEA MDL Season 31 North America,2019-05-25,FURIA vs. The Quest,Nuke
171,https://www.hltv.org/matches/2333422/furia-vs-polar-ace-esea-mdl-season-31-north-america,https://www.hltv.org/demo/49867/,ESEA MDL Season 31 North America,2019-05-25,FURIA vs. Polar Ace,Nuke
172,https://www.hltv.org/matches/2333421/furia-vs-singularity-esea-mdl-season-31-north-america,https://www.hltv.org/demo/49866/,ESEA MDL Season 31 North America,2019-05-25,FURIA vs. Singularity,Nuke
173,https://www.hltv.org/matches/2333420/furia-vs-blitzkrieg-esea-mdl-season-31-north-america,https://www.hltv.org/demo/49825/,ESEA MDL Season 31 North America,2019-05-24,FURIA vs. BLITZKRIEG,Overpass
174,https://www.hltv.org/matches/2333419/furia-vs-anges-big-toe-esea-mdl-season-31-north-america,https://www.hltv.org/demo/49823/,ESEA MDL Season 31 North America,2019-05-24,FURIA vs. Ange's Big Toe,Overpass
175,https://www.hltv.org/matches/2333207/furia-vs-bad-news-bears-esea-mdl-season-31-north-america,https://www.hltv.org/demo/49821/,ESEA MDL Season 31 North America,2019-05-24,FURIA vs. Bad News Bears,Mirage
176,https://www.hltv.org/matches/2333416/furia-vs-mythic-esea-mdl-season-31-north-america,https://www.hltv.org/demo/49790/,ESEA MDL Season 31 North America,2019-05-23,FURIA vs. Mythic,Overpass
177,https://www.hltv.org/matches/2333414/furia-vs-rugratz-esea-mdl-season-31-north-america,https://www.hltv.org/demo/49788/,ESEA MDL Season 31 North America,2019-05-23,FURIA vs. Rugratz,Overpass
178,https://www.hltv.org/matches/2333417/furia-vs-ascent-esea-mdl-season-31-north-america,https://www.hltv.org/demo/49746/,ESEA MDL Season 31 North America,2019-05-22,FURIA vs. Ascent,Nuke
179,https://www.hltv.org/matches/2333413/furia-vs-variance-esea-mdl-season-31-north-america,https://www.hltv.org/demo/49745/,ESEA MDL Season 31 North America,2019-05-22,FURIA vs. Variance,Mirage
180,https://www.hltv.org/matches/2333412/furia-vs-atk-esea-mdl-season-31-north-america,https://www.hltv.org/demo/49713/,ESEA MDL Season 31 North America,2019-05-21,FURIA vs. ATK,Vertigo
181,https://www.hltv.org/matches/2333411/furia-vs-chris-and-the-boys-esea-mdl-season-31-north-america,https://www.hltv.org/demo/49712/,ESEA MDL Season 31 North America,2019-05-21,FURIA vs. Chris and the boys,Overpass
182,https://www.hltv.org/matches/2333184/ghost-vs-furia-esl-one-cologne-2019-north-america-closed-qualifier,https://www.hltv.org/demo/49497/,ESL One Cologne 2019 North America Closed Qualifier,2019-05-12,Ghost vs. FURIA,"Cache, Inferno, Overpass, Nuke"
183,https://www.hltv.org/matches/2333183/lazarus-vs-furia-esl-one-cologne-2019-north-america-closed-qualifier,https://www.hltv.org/demo/49493/,ESL One Cologne 2019 North America Closed Qualifier,2019-05-11,Lazarus vs. FURIA,"Mirage, Nuke"
184,https://www.hltv.org/matches/2333182/furia-vs-complexity-esl-one-cologne-2019-north-america-closed-qualifier,https://www.hltv.org/demo/49453/,ESL One Cologne 2019 North America Closed Qualifier,2019-05-11,FURIA vs. Complexity,"Mirage, Nuke"
185,https://www.hltv.org/matches/2333151/envy-vs-furia-esl-one-cologne-2019-north-america-closed-qualifier,https://www.hltv.org/demo/49387/,ESL One Cologne 2019 North America Closed Qualifier,2019-05-10,Envy vs. FURIA,"Mirage, Nuke"
186,https://www.hltv.org/matches/2333143/furia-vs-bad-news-bears-esl-one-cologne-2019-north-america-closed-qualifier,https://www.hltv.org/demo/49370/,ESL One Cologne 2019 North America Closed Qualifier,2019-05-10,FURIA vs. Bad News Bears,"Mirage, Inferno, Overpass"
187,https://www.hltv.org/matches/2333124/lazarus-vs-furia-esl-one-cologne-2019-north-america-closed-qualifier,https://www.hltv.org/demo/49355/,ESL One Cologne 2019 North America Closed Qualifier,2019-05-09,Lazarus vs. FURIA,"Mirage, Inferno, Overpass"
188,https://www.hltv.org/matches/2332964/furia-vs-massiveimpact-esea-mdl-season-31-north-america,https://www.hltv.org/demo/49299/,ESEA MDL Season 31 North America,2019-05-08,FURIA vs. MASSIVEimpact,Inferno
189,https://www.hltv.org/matches/2332895/spacestation-vs-furia-esea-mdl-season-31-north-america,https://www.hltv.org/demo/49220/,ESEA MDL Season 31 North America,2019-05-04,Spacestation vs. FURIA,Vertigo
190,https://www.hltv.org/matches/2332879/furia-vs-teamone-esea-mdl-season-31-north-america,https://www.hltv.org/demo/49199/,ESEA MDL Season 31 North America,2019-05-03,FURIA vs. TeamOne,Inferno
191,https://www.hltv.org/matches/2332833/furia-vs-intz-ecs-season-7-north-america-week-3,https://www.hltv.org/demo/49116/,ECS Season 7 North America Week 3,2019-04-28,FURIA vs. INTZ,"Train, Mirage, Inferno"
192,https://www.hltv.org/matches/2332796/furia-vs-luminosity-ecs-season-7-north-america-week-3,https://www.hltv.org/demo/49080/,ECS Season 7 North America Week 3,2019-04-26,FURIA vs. Luminosity,"Cache, Inferno, Overpass"
193,https://www.hltv.org/matches/2332785/furia-vs-spacestation-ecs-season-7-north-america-week-3,https://www.hltv.org/demo/49065/,ECS Season 7 North America Week 3,2019-04-26,FURIA vs. Spacestation,"Cache, Nuke"
194,https://www.hltv.org/matches/2332591/furia-vs-avangar-dreamhack-open-rio-2019,https://www.hltv.org/demo/48994/,DreamHack Open Rio 2019,2019-04-21,FURIA vs. AVANGAR,"Train, Vertigo, Inferno"
195,https://www.hltv.org/matches/2332589/sharks-vs-furia-dreamhack-open-rio-2019,https://www.hltv.org/demo/48987/,DreamHack Open Rio 2019,2019-04-21,Sharks vs. FURIA,"Vertigo, Inferno"
196,https://www.hltv.org/matches/2332587/intz-vs-furia-dreamhack-open-rio-2019,https://www.hltv.org/demo/48971/,DreamHack Open Rio 2019,2019-04-20,INTZ vs. FURIA,"Train, Nuke"
197,https://www.hltv.org/matches/2332585/eunited-vs-furia-dreamhack-open-rio-2019,https://www.hltv.org/demo/48969/,DreamHack Open Rio 2019,2019-04-20,eUnited vs. FURIA,"Inferno, Nuke"
198,https://www.hltv.org/matches/2332581/furia-vs-intz-dreamhack-open-rio-2019,https://www.hltv.org/demo/48959/,DreamHack Open Rio 2019,2019-04-20,FURIA vs. INTZ,Mirage
199,https://www.hltv.org/matches/2332142/furia-vs-bad-news-bears-esea-mdl-season-30-north-america,https://www.hltv.org/demo/48574/,ESEA MDL Season 30 North America,2019-04-02,FURIA vs. Bad News Bears,"Cache, Inferno"
200,https://www.hltv.org/matches/2332126/furia-vs-singularity-esea-mdl-season-30-north-america,https://www.hltv.org/demo/48492/,ESEA MDL Season 30 North America,2019-03-29,FURIA vs. Singularity,"Mirage, Inferno"
201,https://www.hltv.org/matches/2331810/furia-vs-teamone-esea-mdl-season-30-north-america,https://www.hltv.org/demo/48459/,ESEA MDL Season 30 North America,2019-03-26,FURIA vs. TeamOne,"Train, Inferno, Overpass"
202,https://www.hltv.org/matches/2332007/furia-vs-eunited-dreamhack-masters-dallas-2019-north-america-closed-qualifier,https://www.hltv.org/demo/48413/,DreamHack Masters Dallas 2019 North America Closed Qualifier,2019-03-25,FURIA vs. eUnited,"Inferno, Nuke"
203,https://www.hltv.org/matches/2331976/eunited-vs-furia-dreamhack-masters-dallas-2019-north-america-closed-qualifier,https://www.hltv.org/demo/48386/,DreamHack Masters Dallas 2019 North America Closed Qualifier,2019-03-23,eUnited vs. FURIA,"Train, Mirage"
204,https://www.hltv.org/matches/2331973/complexity-vs-furia-dreamhack-masters-dallas-2019-north-america-closed-qualifier,https://www.hltv.org/demo/48334/,DreamHack Masters Dallas 2019 North America Closed Qualifier,2019-03-23,Complexity vs. FURIA,"Overpass, Nuke"
205,https://www.hltv.org/matches/2331911/luminosity-vs-furia-dreamhack-masters-dallas-2019-north-america-closed-qualifier,https://www.hltv.org/demo/48325/,DreamHack Masters Dallas 2019 North America Closed Qualifier,2019-03-22,Luminosity vs. FURIA,"Train, Inferno, Overpass"
206,https://www.hltv.org/matches/2331835/nrg-vs-furia-ecs-season-7-north-america-week-2,https://www.hltv.org/demo/48281/,ECS Season 7 North America Week 2,2019-03-21,NRG vs. FURIA,"Train, Inferno, Overpass"
207,https://www.hltv.org/matches/2331815/furia-vs-complexity-ecs-season-7-north-america-week-2,https://www.hltv.org/demo/48246/,ECS Season 7 North America Week 2,2019-03-20,FURIA vs. Complexity,"Mirage, Inferno, Nuke"
208,https://www.hltv.org/matches/2331800/furia-vs-luminosity-ecs-season-7-north-america-week-2,https://www.hltv.org/demo/48215/,ECS Season 7 North America Week 2,2019-03-19,FURIA vs. Luminosity,"Train, Inferno, Overpass"
209,https://www.hltv.org/matches/2331644/old-guys-club-vs-furia-esea-mdl-season-30-north-america,https://www.hltv.org/demo/48186/,ESEA MDL Season 30 North America,2019-03-16,Old Guys Club vs. FURIA,Overpass
210,https://www.hltv.org/matches/2331649/furia-vs-bad-news-bears-esea-mdl-season-30-north-america,https://www.hltv.org/demo/48169/,ESEA MDL Season 30 North America,2019-03-15,FURIA vs. Bad News Bears,Overpass
211,https://www.hltv.org/matches/2331648/furia-vs-final-feature-esea-mdl-season-30-north-america,https://www.hltv.org/demo/48145/,ESEA MDL Season 30 North America,2019-03-14,FURIA vs. Final Feature,Mirage
212,https://www.hltv.org/matches/2331721/furia-vs-mythic-esea-mdl-season-30-north-america,https://www.hltv.org/demo/48143/,ESEA MDL Season 30 North America,2019-03-14,FURIA vs. Mythic,Overpass
213,https://www.hltv.org/matches/2331451/infamous-vs-furia-esea-mdl-season-30-north-america,https://www.hltv.org/demo/48100/,ESEA MDL Season 30 North America,2019-03-13,Infamous vs. FURIA,Train
214,https://www.hltv.org/matches/2331647/furia-vs-teamone-esea-mdl-season-30-north-america,https://www.hltv.org/demo/48098/,ESEA MDL Season 30 North America,2019-03-13,FURIA vs. TeamOne,Train
215,https://www.hltv.org/matches/2331645/furia-vs-massiveimpact-esea-mdl-season-30-north-america,https://www.hltv.org/demo/48045/,ESEA MDL Season 30 North America,2019-03-12,FURIA vs. MASSIVEimpact,Overpass
216,https://www.hltv.org/matches/2331643/furia-vs-intact-esea-mdl-season-30-north-america,https://www.hltv.org/demo/47985/,ESEA MDL Season 30 North America,2019-03-10,FURIA vs. iNTACT,Nuke
217,https://www.hltv.org/matches/2331454/furia-vs-luminosity-esea-mdl-season-30-north-america,https://www.hltv.org/demo/47977/,ESEA MDL Season 30 North America,2019-03-09,FURIA vs. Luminosity,Overpass
218,https://www.hltv.org/matches/2331575/furia-vs-the-quest-ecs-season-7-north-america-pinnacle-cup,https://www.hltv.org/demo/47996/,ECS Season 7 North America Pinnacle Cup,2019-03-08,FURIA vs. The Quest,"Mirage, Overpass"
219,https://www.hltv.org/matches/2331570/singularity-vs-furia-ecs-season-7-north-america-pinnacle-cup,https://www.hltv.org/demo/47963/,ECS Season 7 North America Pinnacle Cup,2019-03-07,Singularity vs. FURIA,"Cache, Mirage, Overpass"
220,https://www.hltv.org/matches/2331527/furia-vs-teamone-ecs-season-7-north-america-pinnacle-cup,https://www.hltv.org/demo/47947/,ECS Season 7 North America Pinnacle Cup,2019-03-07,FURIA vs. TeamOne,"Train, Mirage"
221,https://www.hltv.org/matches/2331450/furia-vs-the-fundamentals-esea-mdl-season-30-north-america,https://www.hltv.org/demo/47881/,ESEA MDL Season 30 North America,2019-03-06,FURIA vs. The Fundamentals,Cache
222,https://www.hltv.org/matches/2331484/furia-vs-final-feature-ecs-season-7-north-america-pinnacle-cup,https://www.hltv.org/demo/47898/,ECS Season 7 North America Pinnacle Cup,2019-03-06,FURIA vs. Final Feature,"Mirage, Inferno"
223,https://www.hltv.org/matches/2331448/singularity-vs-furia-esea-mdl-season-30-north-america,https://www.hltv.org/demo/47860/,ESEA MDL Season 30 North America,2019-03-05,Singularity vs. FURIA,Overpass
224,https://www.hltv.org/matches/2331331/furia-vs-spacestation-esea-mdl-season-30-north-america,https://www.hltv.org/demo/47820/,ESEA MDL Season 30 North America,2019-03-02,FURIA vs. Spacestation,Inferno
225,https://www.hltv.org/matches/2331242/furia-vs-party-astronauts-esea-mdl-season-30-north-america,https://www.hltv.org/demo/47729/,ESEA MDL Season 30 North America,2019-02-27,FURIA vs. Party Astronauts,Mirage
226,https://www.hltv.org/matches/2331239/furia-vs-denial-esea-mdl-season-30-north-america,https://www.hltv.org/demo/47706/,ESEA MDL Season 30 North America,2019-02-26,FURIA vs. Denial,Nuke
227,https://www.hltv.org/matches/2330826/cloud9-vs-furia-iem-katowice-2019-main-qualifier,https://www.hltv.org/demo/47465/,IEM Katowice 2019 Main Qualifier,2019-02-16,Cloud9 vs. FURIA,"Cache, Mirage, Inferno"
228,https://www.hltv.org/matches/2330820/spirit-vs-furia-iem-katowice-2019-main-qualifier,https://www.hltv.org/demo/47430/,IEM Katowice 2019 Main Qualifier,2019-02-14,Spirit vs. FURIA,"Mirage, Nuke"
229,https://www.hltv.org/matches/2330807/avangar-vs-furia-iem-katowice-2019-main-qualifier,https://www.hltv.org/demo/47401/,IEM Katowice 2019 Main Qualifier,2019-02-13,AVANGAR vs. FURIA,Mirage
230,https://www.hltv.org/matches/2330803/furia-vs-nip-iem-katowice-2019-main-qualifier,https://www.hltv.org/demo/47383/,IEM Katowice 2019 Main Qualifier,2019-02-13,FURIA vs. NIP,Mirage
231,https://www.hltv.org/matches/2330634/hellraisers-vs-furia-weplay-lock-and-load,https://www.hltv.org/demo/47647/,WePlay! Lock and Load,2019-02-02,HellRaisers vs. FURIA,"Cache, Inferno"
232,https://www.hltv.org/matches/2330609/furia-vs-winstrike-weplay-lock-and-load,https://www.hltv.org/demo/47645/,WePlay! Lock and Load,2019-02-01,FURIA vs. Winstrike,"Mirage, Overpass, Nuke"
233,https://www.hltv.org/matches/2330567/furia-vs-heroic-weplay-lock-and-load,https://www.hltv.org/demo/47643/,WePlay! Lock and Load,2019-01-31,FURIA vs. Heroic,"Mirage, Inferno, Overpass"
234,https://www.hltv.org/matches/2330548/furia-vs-spirit-weplay-lock-and-load,https://www.hltv.org/demo/47641/,WePlay! Lock and Load,2019-01-30,FURIA vs. Spirit,Overpass
235,https://www.hltv.org/matches/2330288/envy-vs-furia-americas-minor-iem-katowice-2019,https://www.hltv.org/demo/46944/,Americas Minor - IEM Katowice 2019,2019-01-26,Envy vs. FURIA,"Cache, Overpass"
236,https://www.hltv.org/matches/2330287/nrg-vs-furia-americas-minor-iem-katowice-2019,https://www.hltv.org/demo/46933/,Americas Minor - IEM Katowice 2019,2019-01-25,NRG vs. FURIA,"Cache, Inferno"
237,https://www.hltv.org/matches/2330285/furia-vs-intz-americas-minor-iem-katowice-2019,https://www.hltv.org/demo/46921/,Americas Minor - IEM Katowice 2019,2019-01-24,FURIA vs. INTZ,"Train, Mirage, Inferno"
238,https://www.hltv.org/matches/2330279/envy-vs-furia-americas-minor-iem-katowice-2019,https://www.hltv.org/demo/46880/,Americas Minor - IEM Katowice 2019,2019-01-22,Envy vs. FURIA,"Mirage, Inferno"
239,https://www.hltv.org/matches/2330276/furia-vs-eunited-americas-minor-iem-katowice-2019,https://www.hltv.org/demo/46876/,Americas Minor - IEM Katowice 2019,2019-01-22,FURIA vs. eUnited,Mirage
240,https://www.hltv.org/matches/2330106/furia-vs-drip-or-drown-nsg-eastern-conference-championship,https://www.hltv.org/demo/46637/,NSG Eastern Conference Championship,2018-12-24,FURIA vs. Drip or Drown,"Train, Mirage, Inferno"
241,https://www.hltv.org/matches/2330104/singularity-vs-furia-nsg-eastern-conference-championship,https://www.hltv.org/demo/46636/,NSG Eastern Conference Championship,2018-12-23,Singularity vs. FURIA,"Cache, Overpass, Nuke"
242,https://www.hltv.org/matches/2330094/furia-vs-fragging-for-andy-nsg-eastern-conference-championship,https://www.hltv.org/demo/46609/,NSG Eastern Conference Championship,2018-12-22,FURIA vs. Fragging for Andy,"Train, Mirage"
243,https://www.hltv.org/matches/2330020/furia-vs-rogue-starseries-i-league-season-7-north-america-qualifier,https://www.hltv.org/demo/46519/,StarSeries i-League Season 7 North America Qualifier,2018-12-18,FURIA vs. Rogue,"Train, Overpass, Nuke"
244,https://www.hltv.org/matches/2329966/ghost-vs-furia-starseries-i-league-season-7-north-america-qualifier,https://www.hltv.org/demo/46457/,StarSeries i-League Season 7 North America Qualifier,2018-12-16,Ghost vs. FURIA,"Mirage, Inferno"
245,https://www.hltv.org/matches/2329568/swole-patrol-vs-furia-americas-minor-north-america-closed-qualifier-iem-katowice-2019,https://www.hltv.org/demo/46331/,Americas Minor North America Closed Qualifier - IEM Katowice 2019,2018-12-13,Swole Patrol vs. FURIA,"Cache, Overpass"
246,https://www.hltv.org/matches/2329564/furia-vs-luminosity-americas-minor-north-america-closed-qualifier-iem-katowice-2019,https://www.hltv.org/demo/46325/,Americas Minor North America Closed Qualifier - IEM Katowice 2019,2018-12-12,FURIA vs. Luminosity,"Cache, Overpass"
247,https://www.hltv.org/matches/2329845/furia-vs-envy-starseries-i-league-season-7-north-america-qualifier,https://www.hltv.org/demo/46300/,StarSeries i-League Season 7 North America Qualifier,2018-12-12,FURIA vs. Envy,"Cache, Train, Inferno"
248,https://www.hltv.org/matches/2329727/singularity-vs-furia-starseries-i-league-season-7-north-america-qualifier,https://www.hltv.org/demo/46265/,StarSeries i-League Season 7 North America Qualifier,2018-12-11,Singularity vs. FURIA,"Cache, Train"
249,https://www.hltv.org/matches/2329702/masked-vs-furia-esea-mdl-season-29-north-america-relegation,https://www.hltv.org/demo/46175/,ESEA MDL Season 29 North America Relegation,2018-12-06,Masked vs. FURIA,"Cache, Mirage"
250,https://www.hltv.org/matches/2329657/furia-vs-ethereal-esea-mdl-season-29-north-america-relegation,https://www.hltv.org/demo/46155/,ESEA MDL Season 29 North America Relegation,2018-12-05,FURIA vs. ETHEREAL,"Train, Mirage, Overpass"
251,https://www.hltv.org/matches/2329583/furia-vs-intact-esea-advanced-season-29-north-america,https://www.hltv.org/demo/46126/,ESEA Advanced Season 29 North America,2018-12-03,FURIA vs. iNTACT,"Mirage, Inferno, Overpass"
252,https://www.hltv.org/matches/2329552/furia-vs-final-feature-esea-advanced-season-29-north-america,https://www.hltv.org/demo/46081/,ESEA Advanced Season 29 North America,2018-11-30,FURIA vs. Final Feature,"Train, Mirage, Overpass"
253,https://www.hltv.org/matches/2329538/furia-vs-masked-esea-advanced-season-29-north-america,https://www.hltv.org/demo/46056/,ESEA Advanced Season 29 North America,2018-11-29,FURIA vs. Masked,"Inferno, Nuke"
254,https://www.hltv.org/matches/2329374/furia-vs-livid-esea-advanced-season-29-north-america,https://www.hltv.org/demo/46031/,ESEA Advanced Season 29 North America,2018-11-28,FURIA vs. LiViD,"Cache, Nuke"
255,https://www.hltv.org/matches/2328710/intz-vs-furia-plg-grand-slam-2018-north-america-open-qualifier,https://www.hltv.org/demo/45246/,PLG Grand Slam 2018 North America Open Qualifier,2018-11-03,INTZ vs. FURIA,"Cache, Mirage, Overpass"
256,https://www.hltv.org/matches/2328707/furia-vs-kaiju-plg-grand-slam-2018-north-america-open-qualifier,https://www.hltv.org/demo/45187/,PLG Grand Slam 2018 North America Open Qualifier,2018-11-03,FURIA vs. KAIJU,"Inferno, Nuke"
257,https://www.hltv.org/matches/2328440/furia-vs-intz-dreamhack-open-winter-2018-north-america-open-qualifier,https://www.hltv.org/demo/44895/,DreamHack Open Winter 2018 North America Open Qualifier,2018-10-27,FURIA vs. INTZ,Cache
258,https://www.hltv.org/matches/2328348/blitz-vs-furia-americas-minor-north-america-open-qualifier-1-iem-katowice-2019,https://www.hltv.org/demo/44791/,Americas Minor North America Open Qualifier 1 - IEM Katowice 2019,2018-10-24,blitz vs. FURIA,"Inferno, Nuke"
259,https://www.hltv.org/matches/2328346/furia-vs-mythic-americas-minor-north-america-open-qualifier-1-iem-katowice-2019,https://www.hltv.org/demo/44786/,Americas Minor North America Open Qualifier 1 - IEM Katowice 2019,2018-10-24,FURIA vs. Mythic,Train
260,https://www.hltv.org/matches/2328290/eunited-vs-furia-dreamhack-open-atlanta-2018-north-america-closed-qualifier,https://www.hltv.org/demo/44707/,DreamHack Open Atlanta 2018 North America Closed Qualifier,2018-10-21,eUnited vs. FURIA,"Train, Mirage"
261,https://www.hltv.org/matches/2328275/teamone-vs-furia-dreamhack-open-atlanta-2018-north-america-closed-qualifier,https://www.hltv.org/demo/44706/,DreamHack Open Atlanta 2018 North America Closed Qualifier,2018-10-21,TeamOne vs. FURIA,"Train, Inferno, Overpass"
262,https://www.hltv.org/matches/2328250/bravado-vs-furia-dreamhack-open-atlanta-2018-north-america-open-qualifier,https://www.hltv.org/demo/44635/,DreamHack Open Atlanta 2018 North America Open Qualifier,2018-10-20,Bravado vs. FURIA,Inferno
263,https://www.hltv.org/matches/2328223/furia-vs-ethereal-dreamhack-open-atlanta-2018-north-america-open-qualifier,https://www.hltv.org/demo/44636/,DreamHack Open Atlanta 2018 North America Open Qualifier,2018-10-20,FURIA vs. ETHEREAL,Inferno
264,https://www.hltv.org/matches/2327030/gorilla-gang-vs-furia-ecs-season-6-north-america-challenger-cup,https://www.hltv.org/demo/43828/,ECS Season 6 North America Challenger Cup,2018-10-02,Gorilla Gang vs. FURIA,"Train, Nuke"
265,https://www.hltv.org/matches/2326994/furia-vs-lmfao-ecs-season-6-north-america-challenger-cup,https://www.hltv.org/demo/43826/,ECS Season 6 North America Challenger Cup,2018-10-02,FURIA vs. lmfao,"Cache, Mirage"
266,https://www.hltv.org/matches/2327071/furia-vs-bravado-toyota-master-bangkok-2018-north-america-qualifier,https://www.hltv.org/demo/43734/,Toyota Master Bangkok 2018 North America Qualifier,2018-09-30,FURIA vs. Bravado,Train
267,https://www.hltv.org/matches/2326981/furia-vs-bravado-ecs-season-6-north-america-challenger-cup,https://www.hltv.org/demo/43612/,ECS Season 6 North America Challenger Cup,2018-09-26,FURIA vs. Bravado,"Cache, Nuke"
268,https://www.hltv.org/matches/2326525/furia-vs-swole-patrol-epicenter-2018-north-america-closed-qualifier,https://www.hltv.org/demo/43248/,EPICENTER 2018 North America Closed Qualifier,2018-09-08,FURIA vs. Swole Patrol,"Cache, Nuke"
269,https://www.hltv.org/matches/2325933/furia-vs-swole-patrol-epicenter-2018-north-america-open-qualifier-1,https://www.hltv.org/demo/42672/,EPICENTER 2018 North America Open Qualifier #1,2018-08-22,FURIA vs. Swole Patrol,"Train, Mirage, Overpass"
270,https://www.hltv.org/matches/2325909/furia-vs-small-meats-epicenter-2018-north-america-open-qualifier-1,https://www.hltv.org/demo/42670/,EPICENTER 2018 North America Open Qualifier #1,2018-08-22,FURIA vs. small meats,"Inferno, Nuke"
271,https://www.hltv.org/matches/2325544/fam143-vs-furia-msi-mga-2018-north-america-closed-qualifier,https://www.hltv.org/demo/42368/,MSI MGA 2018 North America Closed Qualifier,2018-08-11,Fam143 vs. FURIA,"Cache, Inferno, Nuke"
272,https://www.hltv.org/matches/2324622/furia-vs-dignitas-americas-minor-faceit-major-2018,https://www.hltv.org/demo/41475/,Americas Minor - FACEIT Major 2018,2018-07-08,FURIA vs. Dignitas,"Mirage, Inferno"
273,https://www.hltv.org/matches/2324619/complexity-vs-furia-americas-minor-faceit-major-2018,https://www.hltv.org/demo/41466/,Americas Minor - FACEIT Major 2018,2018-07-08,Complexity vs. FURIA,Cache
274,https://www.hltv.org/matches/2324480/furia-vs-ghost-zotac-cup-masters-2018-americas-regional-finals,https://www.hltv.org/demo/41325/,ZOTAC Cup Masters 2018 Americas Regional Finals,2018-07-02,FURIA vs. Ghost,"Cache, Overpass"
275,https://www.hltv.org/matches/2324478/eunited-vs-furia-zotac-cup-masters-2018-americas-regional-finals,https://www.hltv.org/demo/41298/,ZOTAC Cup Masters 2018 Americas Regional Finals,2018-07-01,eUnited vs. FURIA,"Cache, Inferno, Overpass"
276,https://www.hltv.org/matches/2324476/complexity-vs-furia-zotac-cup-masters-2018-americas-regional-finals,https://www.hltv.org/demo/41288/,ZOTAC Cup Masters 2018 Americas Regional Finals,2018-06-30,Complexity vs. FURIA,"Train, Inferno, Nuke"
277,https://www.hltv.org/matches/2323668/furia-vs-virtue-esl-brazil-premier-league-season-5,https://www.hltv.org/demo/40571/,ESL Brazil Premier League Season 5,2018-06-09,FURIA vs. Virtue,"Inferno, Nuke"
278,https://www.hltv.org/matches/2323660/furia-vs-yeah-esl-brazil-premier-league-season-5,https://www.hltv.org/demo/40551/,ESL Brazil Premier League Season 5,2018-06-08,FURIA vs. Yeah,"Overpass, Nuke"
279,https://www.hltv.org/matches/2322378/furia-vs-bulldozer-esl-brazil-premier-league-season-5,https://www.hltv.org/demo/40437/,ESL Brazil Premier League Season 5,2018-06-05,FURIA vs. Bulldozer,Inferno
280,https://www.hltv.org/matches/2322377/bulldozer-vs-furia-esl-brazil-premier-league-season-5,https://www.hltv.org/demo/40435/,ESL Brazil Premier League Season 5,2018-06-05,Bulldozer vs. FURIA,Train
281,https://www.hltv.org/matches/2323306/furia-vs-yeah-alienware-liga-pro-gamers-club-may-18,https://www.hltv.org/demo/40251/,Alienware Liga Pro Gamers Club - MAY/18,2018-05-31,FURIA vs. Yeah,"Cache, Mirage"
282,https://www.hltv.org/matches/2322370/furia-vs-virtue-esl-brazil-premier-league-season-5,https://www.hltv.org/demo/40198/,ESL Brazil Premier League Season 5,2018-05-29,FURIA vs. Virtue,Cache
283,https://www.hltv.org/matches/2322369/virtue-vs-furia-esl-brazil-premier-league-season-5,https://www.hltv.org/demo/40197/,ESL Brazil Premier League Season 5,2018-05-29,Virtue vs. FURIA,Nuke
284,https://www.hltv.org/matches/2323303/furia-vs-yeah-americas-minor-south-america-open-qualifier-2-faceit-major-2018,https://www.hltv.org/demo/40165/,Americas Minor South America Open Qualifier 2 - FACEIT Major 2018,2018-05-27,FURIA vs. Yeah,"Train, Mirage, Inferno"
285,https://www.hltv.org/matches/2323267/furia-vs-bulldozer-americas-minor-south-america-open-qualifier-2-faceit-major-2018,https://www.hltv.org/demo/40158/,Americas Minor South America Open Qualifier 2 - FACEIT Major 2018,2018-05-27,FURIA vs. Bulldozer,"Mirage, Inferno"
286,https://www.hltv.org/matches/2323262/furia-vs-isurus-americas-minor-south-america-open-qualifier-2-faceit-major-2018,https://www.hltv.org/demo/40129/,Americas Minor South America Open Qualifier 2 - FACEIT Major 2018,2018-05-27,FURIA vs. Isurus,Mirage
287,https://www.hltv.org/matches/2323212/furia-vs-teammate-alienware-liga-pro-gamers-club-may-18,https://www.hltv.org/demo/40110/,Alienware Liga Pro Gamers Club - MAY/18,2018-05-26,FURIA vs. TEAMMATE,"Cache, Mirage"
288,https://www.hltv.org/matches/2322990/furia-vs-coscu-army-alienware-liga-pro-gamers-club-may-18,https://www.hltv.org/demo/40052/,Alienware Liga Pro Gamers Club - MAY/18,2018-05-24,FURIA vs. Coscu Army,Inferno
289,https://www.hltv.org/matches/2322987/furia-vs-detona-alienware-liga-pro-gamers-club-may-18,https://www.hltv.org/demo/40020/,Alienware Liga Pro Gamers Club - MAY/18,2018-05-23,FURIA vs. DETONA,Train
290,https://www.hltv.org/matches/2323073/furia-vs-teammate-alienware-liga-pro-gamers-club-may-18,https://www.hltv.org/demo/39999/,Alienware Liga Pro Gamers Club - MAY/18,2018-05-22,FURIA vs. TEAMMATE,Inferno
291,https://www.hltv.org/matches/2323062/no-tem-como-vs-furia-americas-minor-south-america-open-qualifier-1-faceit-major-2018,https://www.hltv.org/demo/39980/,Americas Minor South America Open Qualifier 1 - FACEIT Major 2018,2018-05-20,Não Tem Como vs. FURIA,"Nuke, Dust2"
292,https://www.hltv.org/matches/2323061/furia-vs-isurus-americas-minor-south-america-open-qualifier-1-faceit-major-2018,https://www.hltv.org/demo/39975/,Americas Minor South America Open Qualifier 1 - FACEIT Major 2018,2018-05-20,FURIA vs. Isurus,"Inferno, Overpass"
293,https://www.hltv.org/matches/2323032/furia-vs-w7m-americas-minor-south-america-open-qualifier-1-faceit-major-2018,https://www.hltv.org/demo/39970/,Americas Minor South America Open Qualifier 1 - FACEIT Major 2018,2018-05-20,FURIA vs. W7M,Cache
294,https://www.hltv.org/matches/2322993/furia-vs-detona-aorus-league-invitational,https://www.hltv.org/demo/39916/,Aorus League Invitational,2018-05-19,FURIA vs. DETONA,"Mirage, Inferno"
295,https://www.hltv.org/matches/2322364/wild-vs-furia-esl-brazil-premier-league-season-5,https://www.hltv.org/demo/39913/,ESL Brazil Premier League Season 5,2018-05-19,Wild vs. FURIA,Mirage
296,https://www.hltv.org/matches/2322363/furia-vs-wild-esl-brazil-premier-league-season-5,https://www.hltv.org/demo/39912/,ESL Brazil Premier League Season 5,2018-05-18,FURIA vs. Wild,Train
297,https://www.hltv.org/matches/2322977/furia-vs-furious-aorus-league-invitational,https://www.hltv.org/demo/39870/,Aorus League Invitational,2018-05-18,FURIA vs. Furious,"Cache, Train"
298,https://www.hltv.org/matches/2322935/furia-vs-c4-aorus-league-invitational,https://www.hltv.org/demo/39818/,Aorus League Invitational,2018-05-16,FURIA vs. C4,Cache
299,https://www.hltv.org/matches/2322900/furia-vs-virtue-ggbet-ascenso,https://www.hltv.org/demo/39789/,GG.BET Ascensão,2018-05-15,FURIA vs. Virtue,"Inferno, Nuke"
300,https://www.hltv.org/matches/2322887/furia-vs-detona-aorus-league-invitational,https://www.hltv.org/demo/39787/,Aorus League Invitational,2018-05-15,FURIA vs. DETONA,Cache
301,https://www.hltv.org/matches/2322872/furia-vs-no-tem-como-ggbet-ascenso,https://www.hltv.org/demo/39767/,GG.BET Ascensão,2018-05-14,FURIA vs. Não Tem Como,"Cache, Train"
302,https://www.hltv.org/matches/2322504/intz-vs-furia-ggbet-ascenso,https://www.hltv.org/demo/39747/,GG.BET Ascensão,2018-05-13,INTZ vs. FURIA,"Train, Mirage, Overpass"
303,https://www.hltv.org/matches/2322515/c4-vs-furia-ggbet-ascenso,https://www.hltv.org/demo/39691/,GG.BET Ascensão,2018-05-10,C4 vs. FURIA,"Cache, Mirage"
304,https://www.hltv.org/matches/2322632/furia-vs-no-tem-como-esl-one-belo-horizonte-south-america-closed-qualifier,https://www.hltv.org/demo/39676/,ESL One Belo Horizonte South America Closed Qualifier,2018-05-10,FURIA vs. Não Tem Como,"Cache, Train, Overpass, Nuke"
305,https://www.hltv.org/matches/2322718/furia-vs-c4-alienware-liga-pro-gamers-club-apr-18,https://www.hltv.org/demo/39653/,Alienware Liga Pro Gamers Club - APR/18,2018-05-09,FURIA vs. C4,"Cache, Mirage"
306,https://www.hltv.org/matches/2322513/furia-vs-virtue-ggbet-ascenso,https://www.hltv.org/demo/39650/,GG.BET Ascensão,2018-05-08,FURIA vs. Virtue,"Inferno, Overpass, Dust2"
307,https://www.hltv.org/matches/2322505/furia-vs-bulldozer-ggbet-ascenso,https://www.hltv.org/demo/39630/,GG.BET Ascensão,2018-05-07,FURIA vs. Bulldozer,"Mirage, Inferno"
308,https://www.hltv.org/matches/2322637/furia-vs-sharks-esl-latin-america-league-season-1-finals,https://www.hltv.org/demo/39907/,ESL Latin America League Season 1 Finals,2018-05-06,FURIA vs. Sharks,"Cache, Mirage, Inferno, Cobblestone"
309,https://www.hltv.org/matches/2322043/isurus-vs-furia-esl-brazil-premier-league-season-5,https://www.hltv.org/demo/39550/,ESL Brazil Premier League Season 5,2018-05-05,Isurus vs. FURIA,Train
310,https://www.hltv.org/matches/2322042/furia-vs-isurus-esl-brazil-premier-league-season-5,https://www.hltv.org/demo/39549/,ESL Brazil Premier League Season 5,2018-05-05,FURIA vs. Isurus,Mirage
311,https://www.hltv.org/matches/2322483/yeah-vs-furia-alienware-liga-pro-gamers-club-apr-18,https://www.hltv.org/demo/39443/,Alienware Liga Pro Gamers Club - APR/18,2018-05-01,Yeah vs. FURIA,"Mirage, Inferno"
312,https://www.hltv.org/matches/2322481/furia-vs-isurus-zotac-cup-masters-2018-south-america-open-qualifier,https://www.hltv.org/demo/39478/,ZOTAC Cup Masters 2018 South America Open Qualifier,2018-04-30,FURIA vs. Isurus,"Inferno, Overpass"
313,https://www.hltv.org/matches/2322479/furia-vs-w7m-esl-latin-america-league-season-1,https://www.hltv.org/demo/39406/,ESL Latin America League Season 1,2018-04-29,FURIA vs. W7M,"Mirage, Overpass"
314,https://www.hltv.org/matches/2322471/furia-vs-no-tem-como-zotac-cup-masters-2018-south-america-open-qualifier,https://www.hltv.org/demo/39417/,ZOTAC Cup Masters 2018 South America Open Qualifier,2018-04-29,FURIA vs. Não Tem Como,"Cache, Mirage, Inferno"
315,https://www.hltv.org/matches/2322218/avalanche-vs-furia-alienware-liga-pro-gamers-club-apr-18,https://www.hltv.org/demo/39211/,Alienware Liga Pro Gamers Club - APR/18,2018-04-24,Avalanche vs. FURIA,"Train, Inferno"
316,https://www.hltv.org/matches/2322033/furia-vs-csbl-esl-brazil-premier-league-season-5,https://www.hltv.org/demo/39208/,ESL Brazil Premier League Season 5,2018-04-24,FURIA vs. CSBL,Inferno
317,https://www.hltv.org/matches/2322032/csbl-vs-furia-esl-brazil-premier-league-season-5,https://www.hltv.org/demo/39207/,ESL Brazil Premier League Season 5,2018-04-24,CSBL vs. FURIA,Overpass
318,https://www.hltv.org/matches/2321866/w7m-vs-furia-esl-latin-america-league-season-1,https://www.hltv.org/demo/39182/,ESL Latin America League Season 1,2018-04-23,W7M vs. FURIA,Cache
319,https://www.hltv.org/matches/2321756/furia-vs-w7m-esl-latin-america-league-season-1,https://www.hltv.org/demo/39181/,ESL Latin America League Season 1,2018-04-23,FURIA vs. W7M,Cobblestone
320,https://www.hltv.org/matches/2321970/c4-vs-furia-esl-brazil-premier-league-season-5,https://www.hltv.org/demo/39043/,ESL Brazil Premier League Season 5,2018-04-17,C4 vs. FURIA,Train
321,https://www.hltv.org/matches/2321969/furia-vs-c4-esl-brazil-premier-league-season-5,https://www.hltv.org/demo/39042/,ESL Brazil Premier League Season 5,2018-04-16,FURIA vs. C4,Cobblestone
322,https://www.hltv.org/matches/2321858/isurus-vs-furia-esl-latin-america-league-season-1,https://www.hltv.org/demo/39031/,ESL Latin America League Season 1,2018-04-15,Isurus vs. FURIA,Inferno
323,https://www.hltv.org/matches/2321748/furia-vs-isurus-esl-latin-america-league-season-1,https://www.hltv.org/demo/39030/,ESL Latin America League Season 1,2018-04-15,FURIA vs. Isurus,Mirage
324,https://www.hltv.org/matches/2321853/furious-vs-furia-esl-latin-america-league-season-1,https://www.hltv.org/demo/38975/,ESL Latin America League Season 1,2018-04-14,Furious vs. FURIA,Cache
325,https://www.hltv.org/matches/2321743/furia-vs-furious-esl-latin-america-league-season-1,https://www.hltv.org/demo/38971/,ESL Latin America League Season 1,2018-04-14,FURIA vs. Furious,Cobblestone
326,https://www.hltv.org/matches/2321893/yeah-vs-furia-esea-open-season-27-brazil,https://www.hltv.org/demo/38776/,ESEA Open Season 27 Brazil,2018-04-10,Yeah vs. FURIA,"Mirage, Inferno"
327,https://www.hltv.org/matches/2321852/furia-vs-sharks-esl-latin-america-league-season-1,https://www.hltv.org/demo/38771/,ESL Latin America League Season 1,2018-04-09,FURIA vs. Sharks,Inferno
328,https://www.hltv.org/matches/2321742/sharks-vs-furia-esl-latin-america-league-season-1,https://www.hltv.org/demo/38770/,ESL Latin America League Season 1,2018-04-09,Sharks vs. FURIA,Cobblestone
329,https://www.hltv.org/matches/2321835/wild-vs-furia-esl-latin-america-league-season-1,https://www.hltv.org/demo/38716/,ESL Latin America League Season 1,2018-04-07,Wild vs. FURIA,Inferno
330,https://www.hltv.org/matches/2321737/furia-vs-wild-esl-latin-america-league-season-1,https://www.hltv.org/demo/38714/,ESL Latin America League Season 1,2018-04-07,FURIA vs. Wild,Mirage
331,https://www.hltv.org/matches/2321799/furia-vs-ex-tempo-storm-esea-open-season-27-brazil,https://www.hltv.org/demo/38681/,ESEA Open Season 27 Brazil,2018-04-07,FURIA vs. ex-Tempo Storm,"Mirage, Overpass"
332,https://www.hltv.org/matches/2321690/furia-vs-c4-esea-open-season-27-brazil,https://www.hltv.org/demo/38596/,ESEA Open Season 27 Brazil,2018-04-05,FURIA vs. C4,"Train, Cobblestone"
333,https://www.hltv.org/matches/2321699/yeah-vs-furia-alienware-liga-pro-gamers-club-mar-18,https://www.hltv.org/demo/38546/,Alienware Liga Pro Gamers Club - MAR/18,2018-04-04,Yeah vs. FURIA,"Cache, Inferno"
334,https://www.hltv.org/matches/2321546/furia-vs-teammate-esl-latin-america-league-season-1-closed-qualifier,https://www.hltv.org/demo/38494/,ESL Latin America League Season 1 Closed Qualifier,2018-04-02,FURIA vs. TEAMMATE,"Cache, Train"
335,https://www.hltv.org/matches/2321540/furia-vs-yeah-aorus-league-2018-season-1-brazil-finals,https://www.hltv.org/demo/38389/,Aorus League 2018 Season 1 Brazil Finals,2018-03-31,FURIA vs. Yeah,"Cache, Overpass"
336,https://www.hltv.org/matches/2321321/furia-vs-avalanche-alienware-liga-pro-gamers-club-mar-18,https://www.hltv.org/demo/38329/,Alienware Liga Pro Gamers Club - MAR/18,2018-03-29,FURIA vs. Avalanche,"Cache, Inferno"
337,https://www.hltv.org/matches/2321203/furia-vs-isurus-aorus-league-2018-season-1-brazil,https://www.hltv.org/demo/38316/,Aorus League 2018 Season 1 Brazil,2018-03-28,FURIA vs. Isurus,"Inferno, Cobblestone"
338,https://www.hltv.org/matches/2321183/furia-vs-virtue-alienware-liga-pro-gamers-club-mar-18,https://www.hltv.org/demo/38101/,Alienware Liga Pro Gamers Club - MAR/18,2018-03-23,FURIA vs. Virtue,"Cache, Train"
339,https://www.hltv.org/matches/2320780/brk-vs-furia-aorus-league-2018-season-1-brazil,https://www.hltv.org/demo/37938/,Aorus League 2018 Season 1 Brazil,2018-03-20,BRK vs. FURIA,"Train, Cobblestone"
340,https://www.hltv.org/matches/2320013/yeah-vs-furia-alienware-liga-pro-gamers-club-feb-18,https://www.hltv.org/demo/36984/,Alienware Liga Pro Gamers Club - FEB/18,2018-02-22,Yeah vs. FURIA,"Cache, Inferno"
341,https://www.hltv.org/matches/2319827/no-limits-vs-furia-alienware-liga-pro-gamers-club-feb-18,https://www.hltv.org/demo/36930/,Alienware Liga Pro Gamers Club - FEB/18,2018-02-21,No Limits vs. FURIA,"Inferno, Cobblestone"
342,https://www.hltv.org/matches/2318804/furia-vs-w7m-alienware-liga-pro-gamers-club-jan-18,https://www.hltv.org/demo/36177/,Alienware Liga Pro Gamers Club - JAN/18,2018-01-31,FURIA vs. W7M,"Cache, Mirage, Inferno"
343,https://www.hltv.org/matches/2318758/black-dragons-vs-furia-alienware-liga-pro-gamers-club-jan-18,https://www.hltv.org/demo/36046/,Alienware Liga Pro Gamers Club - JAN/18,2018-01-24,Black Dragons vs. FURIA,"Mirage, Inferno"
344,https://www.hltv.org/matches/2318320/isurus-vs-furia-alienware-liga-pro-gamers-club-dec-17,https://www.hltv.org/demo/35659/,Alienware Liga Pro Gamers Club - DEC/17,2017-12-22,Isurus vs. FURIA,"Mirage, Inferno, Overpass"
345,https://www.hltv.org/matches/2318291/en9my-vs-furia-alienware-liga-pro-gamers-club-dec-17,https://www.hltv.org/demo/35635/,Alienware Liga Pro Gamers Club - DEC/17,2017-12-21,EN9MY vs. FURIA,"Cache, Mirage"
346,https://www.hltv.org/matches/2318288/furia-vs-brasil-gaming-house-alienware-liga-pro-gamers-club-dec-17,https://www.hltv.org/demo/35610/,Alienware Liga Pro Gamers Club - DEC/17,2017-12-20,FURIA vs. Brasil Gaming House,"Mirage, Inferno"
347,https://www.hltv.org/matches/2318028/isurus-vs-furia-esea-open-season-26-brazil,https://www.hltv.org/demo/35427/,ESEA Open Season 26 Brazil,2017-12-14,Isurus vs. FURIA,"Mirage, Overpass"
348,https://www.hltv.org/matches/2317976/teamone-vs-furia-legion-challenge-2017,https://www.hltv.org/demo/35294/,Legion Challenge 2017,2017-12-08,TeamOne vs. FURIA,"Cache, Train, Mirage"
349,https://www.hltv.org/matches/2317848/brasil-gaming-house-vs-furia-esea-open-season-26-brazil,https://www.hltv.org/demo/35244/,ESEA Open Season 26 Brazil,2017-12-06,Brasil Gaming House vs. FURIA,"Inferno, Overpass"
350,https://www.hltv.org/matches/2317553/furia-vs-ivyaert-alienware-liga-pro-gamers-club-nov-17,https://www.hltv.org/demo/34890/,Alienware Liga Pro Gamers Club - NOV/17,2017-11-24,FURIA vs. Ivyaert,"Train, Inferno"
351,https://www.hltv.org/matches/2316964/furia-vs-teamone-wesg-2017-brazil,https://www.hltv.org/demo/34225/,WESG 2017 Brazil,2017-11-07,FURIA vs. TeamOne,Cobblestone
352,https://www.hltv.org/matches/2316838/furia-vs-bootkamp-experience-league-2017,https://www.hltv.org/demo/34179/,Experience League 2017,2017-11-05,FURIA vs. BootKamp,"Train, Cobblestone"
353,https://www.hltv.org/matches/2316473/bootkamp-vs-furia-alienware-liga-pro-gamers-club-oct-17,https://www.hltv.org/demo/33802/,Alienware Liga Pro Gamers Club - OCT/17,2017-10-27,BootKamp vs. FURIA,"Inferno, Cobblestone"
354,https://www.hltv.org/matches/2316242/furia-vs-kitsune-alienware-liga-pro-gamers-club-oct-17,https://www.hltv.org/demo/33758/,Alienware Liga Pro Gamers Club - OCT/17,2017-10-26,FURIA vs. Kitsune,"Cache, Inferno"
355,https://www.hltv.org/matches/2316230/furia-vs-wolfpack-alienware-liga-pro-gamers-club-oct-17,https://www.hltv.org/demo/33536/,Alienware Liga Pro Gamers Club - OCT/17,2017-10-20,FURIA vs. Wolfpack,"Inferno, Overpass"
356,https://www.hltv.org/matches/2315374/isurus-vs-furia-alienware-liga-pro-gamers-club-sep-17,https://www.hltv.org/demo/32643/,Alienware Liga Pro Gamers Club - SEP/17,2017-09-29,Isurus vs. FURIA,"Cache, Mirage, Overpass"
357,https://www.hltv.org/matches/2315075/intz-vs-furia-alienware-liga-pro-gamers-club-sep-17,https://www.hltv.org/demo/32566/,Alienware Liga Pro Gamers Club - SEP/17,2017-09-28,INTZ vs. FURIA,"Inferno, Cobblestone"
358,https://www.hltv.org/matches/2314324/teamone-vs-furia-alienware-liga-pro-gamers-club-aug-17,https://www.hltv.org/demo/31626/,Alienware Liga Pro Gamers Club - AUG/17,2017-09-01,TeamOne vs. FURIA,"Mirage, Cobblestone"
359,https://www.hltv.org/matches/2314065/intz-vs-furia-alienware-liga-pro-gamers-club-aug-17,https://www.hltv.org/demo/31610/,Alienware Liga Pro Gamers Club - AUG/17,2017-08-31,INTZ vs. FURIA,"Overpass, Cobblestone"
360,https://www.hltv.org/matches/2313792/furia-vs-black-dragons-alienware-liga-pro-gamers-club-aug-17,https://www.hltv.org/demo/31389/,Alienware Liga Pro Gamers Club - AUG/17,2017-08-25,FURIA vs. Black Dragons,"Cache, Overpass"
